rank,team_name,team_url,rating,timestamp,btag
38, [BC] Becker Blue,https://compete.tespa.org/tournament/145/team/138516,1455,2019-11-03 12:36:52.702869,"henielFJ7#1420,Chlor#11180,Firebird#1564,Lpain#11246,SSLURPP#1992,Xavius#11637,Securen#1610,Shifty#1992,PhunkPai#1359"
31, [UCF] SPIRIT,https://compete.tespa.org/tournament/145/team/136401,1475,2019-11-03 12:36:52.699898,"EunoiaKalon#1496,Pandamonium#1623,Alvarocious#1841,RAFIKI#11203,st0rm#11464,Dean#13906,SirDrTitan#1799,Frisk#12518"
36, [ISU] ISU Cardinal Squad,https://compete.tespa.org/tournament/145/team/138219,1464,2019-11-03 12:36:52.702051,"thegreatgila#1486,OffMeta#1794,TheDracheX#2105,Smokus#1364,NotDriftful#1264,Expheril#1475,Skarm#11142,THEscurge#11932,MultipleCows#1865"
37, [USC] UofSC Gamecocks,https://compete.tespa.org/tournament/145/team/136339,1456,2019-11-03 12:36:52.702459,"CHIMCHAR#11554,LaughingBomb#11692,Smarty#11456,ALOHA#11775,IamHamez#1905,Berns#11659,Therain#11618"
35, [UNCCH] UNC Tar Heals ,https://compete.tespa.org/tournament/145/team/138183,1469,2019-11-03 12:36:52.701641,"Ryan#13981,Scout#11483,GlowDrago#1590,Lect#11529,Bee#11282,Galileo#11728,Eskay#11689"
33, [GVSU] Lakeshore Blue,https://compete.tespa.org/tournament/145/team/138237,1470,2019-11-03 12:36:52.701227,"Gallaxee#1788,Quarrelt#1597,Canman#11488,SquidKick#1379,Syprious#1433,Hatkid#11337,Bloom#12411,Oyster#11850,LaggingPanda#1242"
32, [MU] McMaster Esports,https://compete.tespa.org/tournament/145/team/138149,1473,2019-11-03 12:36:52.700393,"ahmediy#1984,NrsSamsara#1480,Saki#11508,Yukino#41859,dartu#11387,AWildLeopard#1627,markkiller57#1372,BloodRabbit#11995,Papafly#1626,ZaWārudo#11689"
33, [UNT] UNT Esports,https://compete.tespa.org/tournament/145/team/136644,1470,2019-11-03 12:36:52.700811,"Produx#11323,FierceSerge#1901,CapnKarlos#1915,Joe#16928,Executor#1187,Aqua#12419,Medixcre#1214,Samston#11240,Riverlucky#1155,McDanells#1268,Kisetsu#11907"
28, [RU] low tier genetics,https://compete.tespa.org/tournament/145/team/138499,1482,2019-11-03 12:36:52.699075,"Mochi#12415,LegendaryAL#1512,Broccoli#11645,kattesmoon#1970,CraftingGoat#1808,Noble#11466,Fraadchikin#1742,Kylus#1543,m0tion#11338"
30, [NYU] NYU Ultraviolets,https://compete.tespa.org/tournament/145/team/136575,1477,2019-11-03 12:36:52.699486,"LuckyByChanc#1582,Mario#13710,Vent1narc#21410,WhiteGive#1928,Syrneh#1693,Jrinky#1253,Symphony#12320,SaltShakrFan#1523,Rain#15707"
28, [FSU] Ferris Crimson,https://compete.tespa.org/tournament/145/team/137430,1482,2019-11-03 12:36:52.698663,"Ricashea3#1110,Telos#11842,Milk#12996,Adam#14374,Bry#11555,Carmalman27#1653,mst3knight#1251"
27, [OCC] Orange Coast College,https://compete.tespa.org/tournament/145/team/137363,1485,2019-11-03 12:36:52.698250,"Slayergramps#11606,JETJEL#1208,woodgie#1454,Chicken#12317,EuphoRia#11676,balanceddiet#11921,Icyyy#11398,Galaxy#1851,robdab#1392,KiyoSaten#1250"
25, [UMA] UMass Minutemen,https://compete.tespa.org/tournament/145/team/138241,1487,2019-11-03 12:36:52.697836,"CTalbot#11842,flabbadabba#1106,Swyke#1376,Matrix#11275,pripensi#1574,The2ndID#1663,Istimi#1454,rad#11961,NecroDrake#11668,Grizz#12667,Malistaire#11368"
23, [CPSLO] SLOverwatch D1,https://compete.tespa.org/tournament/145/team/136501,1494,2019-11-03 12:36:52.696603,"Micro#11165,Lynxa#11256,notwalker#1386,SCSF#11182,Chubbyiguana#1667,Fatal#12297,Rampakslue#1689,SwankyMango#1457,justmarfy#1150"
25, [NJIT] NJIT Highlanders,https://compete.tespa.org/tournament/145/team/136332,1487,2019-11-03 12:36:52.697425,"Sickist#1531,KingELMER#11743,Abadio#1943,QueenJirachi#1601,Konrad#11273,quadcore#1395,Kake#11110,Peter#15683,Neeesh#1537,uMental#1771,Masa21#1616"
24, [GCU] GCU Overwatch,https://compete.tespa.org/tournament/145/team/137288,1492,2019-11-03 12:36:52.697015,"Ninjacat#1668,TheLegend27#11297,TRUEBIZARRO#1648,whiskers#11323,cuddlemaster#1309,Shiyore#11158,Ziro#11848,Fizzer#11648,NekoKittyKat#11308,FilthyFoss#1974"
467, [HU] Hofstra Esports,https://compete.tespa.org/tournament/145/team/136380,687,2019-11-03 12:36:52.887703,"Tr4shm4n#1653,myar#11290,p0int#11977,Mazqoe#1952,SanityBreak#1916,Iced#11502,NaCl#11628,Zero#114691,MercuryRX#11568,AstroCelsius#1282"
465, [OU] Bobcat Esports White,https://compete.tespa.org/tournament/145/team/138207,770,2019-11-03 12:36:52.886834,"Lando#11943,Galross#2447,PbZeppelin42#1464,Hijackster99#1406,SaxGod#11428,BenneyBigAle#1186,OtterMan#11700"
464, [RU] Ryerson Rampage,https://compete.tespa.org/tournament/145/team/136549,802,2019-11-03 12:36:52.886402,"karol555fly#1939,FotoonEl#1259,kujohar#1227,BudgetCheeto#1698,Iyvan#1596,SaminBBall#1486,JohnnySins#11617,Cidunno#1848,Draxxupaxx#1524,Whomstvdve#1572,Myhe#1352"
466, [LYON] Lyon OW JV,https://compete.tespa.org/tournament/145/team/138257,738,2019-11-03 12:36:52.887269,"BloodyMary#11844,Johalter#11994,Poptart67#1544,carol#12818,Zeldi3#1648,EskimoNinja#1579,ARRAZORACK#1221"
463, [EKU] Higher Primates,https://compete.tespa.org/tournament/145/team/138743,808,2019-11-03 12:36:52.885965,"Krosin#11531,Rxyn#1968,FrenchFry#11606,Cinder#12135,AdobeWallHax#1611,HammerHead20#11661,Makershyn#1855,Rune#11918,DaBurntHam#1286"
462, [SC] Snow Esports Orange,https://compete.tespa.org/tournament/145/team/137525,818,2019-11-03 12:36:52.885533,"Kadacox#1390,SilentStorm#1111389,Clementine#11615,DeadLynxie#1894,Ghost#116708,verynewjew#1899,Outlaww#11408,colbster#11474,Fir3Can#1653,Chief#12409"
460, [BSU] Cardinal White,https://compete.tespa.org/tournament/145/team/136849,833,2019-11-03 12:36:52.884701,"Casseroles#1303,Ark#12664,Speira#1877,Gavin#13638,TromboneFish#1578,EvioNoah#1114,Nepraisu#1942"
460, [EC] Emerson Lions,https://compete.tespa.org/tournament/145/team/138165,833,2019-11-03 12:36:52.885117,"noratspect#1854,RogueCodes#1121,Illuminutty#11404,Maxzloch#1965,ContraryHook#1700,Skellumton#1540,Ginterface#1715,Mismatch#11692"
458, [KSU] Aviators,https://compete.tespa.org/tournament/145/team/136793,869,2019-11-03 12:36:52.883840,"SilverPaws#11804,frenchfryguy#1907,Ziela#1765,DoomsDay#1802,EonGalaxy#1213,WhoTookMyACL#1868,Catchie#1734,WonderBlades#1982"
459, [OCU] OCU NOVA,https://compete.tespa.org/tournament/145/team/138108,867,2019-11-03 12:36:52.884271,"BlueElf#11744,SLIPSTREAM#11152,Atlantes#1327,Deline#1392,pancaaakes1#1396,PewPew#11363,Dfaltplayer1#1206,BlueKnight#11150,daprin#1719,Quiteloki54#1291"
456, [UA] The UAlbany Pedwins,https://compete.tespa.org/tournament/145/team/138697,875,2019-11-03 12:36:52.883007,"Cueyo#1920,Abhrajit#1784,BigChungus24#1216,WaterWorks#11647,NightK#11102,Mitisman#2271,GriZZle#11896"
454, [RMC] R-MC Yellow,https://compete.tespa.org/tournament/145/team/137273,890,2019-11-03 12:36:52.882120,"ReapersCall#11613,Babygirl#11897,DriftKing259#1471,MonteCristo#11344,Twisticles#11943,Hazardtourhp#1659,Lemons#11553"
455, [KC] Kc Rangers,https://compete.tespa.org/tournament/145/team/138706,889,2019-11-03 12:36:52.882549,"Engledowl#1366,jackalope17#1849,Orrenzallaz#1749,Gam3rN3rd69#1741,Dunpop#1613,Hijtblast#1586,GeekEazy#11525"
457, [VU] Villanova Wildcats,https://compete.tespa.org/tournament/145/team/136452,870,2019-11-03 12:36:52.883427,"Menma#11736,IsThisGoFish#1361,BoxTime#11310,squidotbass#1823,JDubStep99#1644,wattersson#1679,JJThunder16#1680,halo0516#1726,sparkd#11953,Strudel#11632,Quetzal#12381"
452, [FHSU] FHSU Esports,https://compete.tespa.org/tournament/145/team/136489,893,2019-11-03 12:36:52.881290,"Fin#11340,BadgerBlue#1636,DrPlagueWell#1199,Vynaraz#1768,Kat#13277,Esham#11135,lonewolf785#1549,Waffler#11292,watanabenico#1813,carlosbiggs#1513"
450, [LU] LU Navy,https://compete.tespa.org/tournament/145/team/138173,894,2019-11-03 12:36:52.880868,"Eevee#11744,Arogon#1568,Nimrod#11365,Xanup#1285,AtlasP#1852,thevalfien#1886,Drwcas08#1473"
453, [WCU] Catamount E-sports,https://compete.tespa.org/tournament/145/team/136508,892,2019-11-03 12:36:52.881704,"SilentStorm#110472,shadowtheif#1876,PapaFukatoni#1513,search265#1456,splashes#11331,WingedSword#11274,DrChops#11579,Raynbow#11650,Preussen#1599,Raven292#1176,DerErlkönig#11849"
449, [SUNYO] Oswego Onslaught,https://compete.tespa.org/tournament/145/team/138202,898,2019-11-03 12:36:52.879982,"humanfemale#11467,jiitao#1724,spockykins#1675,WizardWesker#1295,Chatterbox#11434,SjPrototype#1906,hawkeye57#11755,R7Minty#1883"
450, [SAU] Mulerider Esports B,https://compete.tespa.org/tournament/145/team/137548,894,2019-11-03 12:36:52.880434,"DethsCrowbar#1389,TrasheAshe#1909,Knuckle#11515,CayoticK9#1325,WorldJinx#11150,TrebleWinhar#1587,DusMelk#1170,BrickJohnson#11160,Dawelight#1126"
447, [UGA] UGA C,https://compete.tespa.org/tournament/145/team/138535,906,2019-11-03 12:36:52.879151,"Biscuit#11143,Tsyoo#11963,SamolusFixa#1563,Cobra#12566,Dijaronamo#1435,FourFifty#11661"
448, [USI] USI Screagles,https://compete.tespa.org/tournament/145/team/137181,903,2019-11-03 12:36:52.879566,"Lupis#11745,That1Gamer#11733,kasey#12244,Illuster#11567,HappyTrees#11277,easteregg#11634,whereisyourh#1193,RedHotSyd#1883"
446, [URI] Rhody Rams,https://compete.tespa.org/tournament/145/team/136756,911,2019-11-03 12:36:52.878729,"Air#1783,Oikawa#11268,M1K3#11998,BlackMyst#1203,Wildfire#12591,zdnoz#1393,Exieon#1331,Havoc#13954,YaBoyNate#1756,Bryan32297#1710"
445, [UC] UC White,https://compete.tespa.org/tournament/145/team/136936,918,2019-11-03 12:36:52.878285,"NanoNova#11774,FlyDoughboy#1169,Reuniclus#11677,Sharkbait#11314,csonhing#1710,colossalgoof#1778,grillo06#1822,ǢMĨŊGĨŜĤǢȐD#1561,Aurellius#11464"
444, [KSU] KSU Esports B-Team,https://compete.tespa.org/tournament/145/team/138512,919,2019-11-03 12:36:52.877864,"Player#150186,AquaSauce#11676,Pukes#11155,Myles43#1209,Spinky#11174,TheMainZayne#1982,SwagMdawg#1361"
441, [MSOE] Teal Team 6,https://compete.tespa.org/tournament/145/team/138882,921,2019-11-03 12:36:52.876879,"DiamondDust#11804,Violet#11300,IsenfireLDC#1979,PSplitty#1966,SuperMoopy#1816,Camman#11512,Opox#11884"
441, [CASC] Carl Albert JV,https://compete.tespa.org/tournament/145/team/137469,921,2019-11-03 12:36:52.876463,"FadedHokage#1150,PAPSub#1424,Vaddicus#1333,StyleorDie#1129,ShineOOS#1705,DireRaven#1130565,Oni#12301,GirlySakura#1245,Sugarcubes#11865,LordThiccums#1229,Rango#11444"
443, [MSOE] Team Black,https://compete.tespa.org/tournament/145/team/138922,920,2019-11-03 12:36:52.877410,"FrostWizard#1411,Shrill#11771,Church#12514,RoyalMafia00#1536,GrizzlyPath#1666,NickQZ#1917"
440, [SC] Stonehill Skyhawks A,https://compete.tespa.org/tournament/145/team/136404,922,2019-11-03 12:36:52.876043,"triplebruin#1853,sgkcarol#1515,JeffOfJeffs#11989,Choperman#1230,samrock75#1603,Tonix#11542,Noirello#1465"
439, [BC] Doomcats,https://compete.tespa.org/tournament/145/team/137313,924,2019-11-03 12:36:52.875601,"Lycanoid#1715,Hyperion#12537,Khpenguin#1604,Skyler#1520,Leftforlol#1450,BigPig#11623,GSam#11175,Octobre#1411,TheOoze#11986"
437, [IIT] Warriors,https://compete.tespa.org/tournament/145/team/137303,925,2019-11-03 12:36:52.874711,"DingusKahn70#1808,Geomaster53#1310,Chill4dayz#1755,Decimator123#1659,OMGJoel#1672,Striker#13883"
434, [GT] GT Sting,https://compete.tespa.org/tournament/145/team/138138,929,2019-11-03 12:36:52.873417,"Aloha#11137,FourthImpact#1189,Sushimi#11472,Neeky#11530,RoiNoir#11736,ss0042#1436"
436, [UA] UA Black,https://compete.tespa.org/tournament/145/team/137499,926,2019-11-03 12:36:52.874278,"MRpinkLlama#1237,Halceon#1966,WetNuddle#1943,PuddingSpilz#1494,Gmanextreme#1632,ROOK#11228,BunnyOfDeath#11756,Nadja#11775"
437, [CMU] Gold Chips,https://compete.tespa.org/tournament/145/team/138732,925,2019-11-03 12:36:52.875176,"ZenaxeSilver#1221,Tyler#13873,Eisendrache#11693,Zaptodeath#1549,Jeff#15579,M0U53#11666"
431, [CASC] Vikings,https://compete.tespa.org/tournament/145/team/137084,932,2019-11-03 12:36:52.872157,"Cap#11710,LilBoat#1273,Cube#12959"
435, [CU] Clemson Esports B,https://compete.tespa.org/tournament/145/team/137570,928,2019-11-03 12:36:52.873830,"SHUF4#1339,ram2#11471,Jaguar#12339,Battery#11140,iiNoctua#1891,Aweeq#1266,Feddywin#1219,Amphirell#1473,Ultimeta#11344,Cleetus#11735"
432, [JMU] Dukes - Gold,https://compete.tespa.org/tournament/145/team/138176,930,2019-11-03 12:36:52.873005,"Forsetyr#1763,UnluckyCharm#11495,Fatz#11976,Ovolord#11312,Billyfun4#1321,Pizzadlvry#11972,Spudboy480#1424,Geekslayer17#1542"
430, [IIT] Warrior Esports,https://compete.tespa.org/tournament/145/team/136855,933,2019-11-03 12:36:52.871740,"GigaBrain#1959,Unexpectd#1243,Krigaren#11593,DeBo#11911,ttack412#1541,Darkly#11280,Onoe#11403"
432, [YSU] Frost Penguins ,https://compete.tespa.org/tournament/145/team/136684,930,2019-11-03 12:36:52.872588,"Bunniccino#1984,NightRaven#131372,FittySix5656#1647,burntfiction#1596,Sizable#1553,Vitals#11639,MrFobwatch#1876,xzo#11476,FauxPa#11843,Ruka#11691"
429, [MSU] MSU Esports,https://compete.tespa.org/tournament/145/team/136824,934,2019-11-03 12:36:52.871303,"Flumiez#1525,MatoKuroii#1763,Rayne#11210,OrthxGaming#1625,EXCEEDREAMS#1145,Novarch#1472,jokesterchuk#1452,MrCuddable#1524,Squanchy#11919"
428, [HPU] HPU Silver,https://compete.tespa.org/tournament/145/team/138181,936,2019-11-03 12:36:52.870871,"Namllits1#1574,MadMadameEm#1218,KingGrape#11157,Thatninjaguy#11566,nyankawaii#1256,maldito#11688,SweetVicious#11972"
427, [TU] Trine Lightning,https://compete.tespa.org/tournament/145/team/137321,937,2019-11-03 12:36:52.870445,"JordanKnight#11711,Androxus#1717,Apus#11225,Augment82#1202,UrBoiFriend#1494,Thadigus#1899,Fr33man#11154,marissuhhh#1863,Poisindad#1476,NinjaKIttay#1466,McFlurzle#1375,watermelon62#1377"
425, [EUP] Edinboro Esports,https://compete.tespa.org/tournament/145/team/137072,940,2019-11-03 12:36:52.869494,"AugustusLee#1925,dspudman#1151,Ponponpanda#1331,Dom4026#1230,TsarOfSauce#1815,ErebosMors#1426,MrFrakster#1234,EUeSports#1873,TheLeky#1905,MoCkMeNoW#1697"
425, [ATU] ATU Esports,https://compete.tespa.org/tournament/145/team/137353,940,2019-11-03 12:36:52.869933,"PollutedWolf#1238,Cooptroller#1966,DobyMcfly#1968,BigBodyBrad#1688,Mahanaim#1733,KidSora#11592,TJTEragon#1341"
423, [CSUN] Matador Red,https://compete.tespa.org/tournament/145/team/138573,947,2019-11-03 12:36:52.868615,"Jellybean#12772,Killager1598#1837,Lagreen#11912,TrySoft#11409,WhiteTotoro#11226,Yami626#1523,Taniichan#1458"
424, [KCC] Kirkwood Esports,https://compete.tespa.org/tournament/145/team/136674,944,2019-11-03 12:36:52.869055,"xcthunder#1928,Archangel#14631,osocoolguy25#1686,BROrista#1362,Hunie#11914,KregStone#1720,Shiro#14889,BukLuu#1493,Jackal#12103"
421, [MUO] Team Honor,https://compete.tespa.org/tournament/145/team/138153,950,2019-11-03 12:36:52.867745,"Jackalope#11449,Phillies1027#1490,Theswarm#1167,Doctor#12938,MemeMagician#1736,Damascus#11232,IronKnight#11383,Thealmond#1126,ScorpioGC#1246"
422, [BEN] Redhawks,https://compete.tespa.org/tournament/145/team/136350,948,2019-11-03 12:36:52.868172,"etoh#11141,YeOldGamer#1709,KINKADE#11990,CollegeJohny#11994,YungXavior#1605,mgarcia13579#1394,ArTheWise#1131,Ironballs#11895,Gehrke72#11764"
420, [MSU] Mangoes,https://compete.tespa.org/tournament/145/team/138701,951,2019-11-03 12:36:52.867316,"PDTSEnder#1790,Werver#1934,DeadlyPants#183896,GiantFrog#11436,BadFrog#11100,ShadowAnn#1291,MimeTime#11773"
419, [STU] STU Bobcats,https://compete.tespa.org/tournament/145/team/137383,953,2019-11-03 12:36:52.866867,"Elystan#1144,Kriv#11533,MistaHorse#1200,StThomasUni1#1695,Epichunter78#1179,NastyGoblin#1573,Beast627#1561,Jkl9696#1219,faxt0rn#1657,Skys#11519,Amethyst#11255,Puffy13#1327"
417, [HPU] HPU White,https://compete.tespa.org/tournament/145/team/138155,955,2019-11-03 12:36:52.865772,"MrPineappleZ#1812,GrumpyMonk#156160,Naxinix#2135,Tohru#11173,HoneyBadger#13695,cilantro#11559,AzureSoul#11917"
418, [MSU] MSU Open Team 2 ,https://compete.tespa.org/tournament/145/team/138244,954,2019-11-03 12:36:52.866391,"Virang807#11525,StarGateSG1#11655,Holtster#1384,Foxtrot#12961,Atlas#14652,Hyphn#1708,ubobi#1968,Hellrazer4#1716,Jay#110733"
415, [LYON] Lyon OW,https://compete.tespa.org/tournament/145/team/136511,958,2019-11-03 12:36:52.864911,"Coach#12979,Futurepres#1554,zipzipzip10#11935,WildWolf#170818,TrolltuskE#1730,madninja6969#1669,ChaseGreyson#1594"
416, [IIT] Indiana Tech Shield,https://compete.tespa.org/tournament/145/team/138508,957,2019-11-03 12:36:52.865338,"ShadySpartan#1279,TruNox#1821,Spyro#12237,Dex#12448,Skidish#11632,Dragobot#1659,BorBaBor#1183"
413, [PITT] Bobcats,https://compete.tespa.org/tournament/145/team/137290,965,2019-11-03 12:36:52.864089,"Bennediction#1713,Cdude#1396,diesel5543#1912,VileAbaddon#1684,Gesswho#1644,Caprisun#11710,nice#11126,Azure#12527"
414, [UWW] UWW Esports JV,https://compete.tespa.org/tournament/145/team/138139,962,2019-11-03 12:36:52.864502,"Cyberpunk#11690,Phantom10395#11546,HostileKllr#1286,MissMintybun#1289,Dynasty#11777,MadTapestry#1231,Pallid#11197,klice315#1990,Royals34#1616,kdogs1#1130"
411, [UNF] UNF Osprey Grey,https://compete.tespa.org/tournament/145/team/136931,966,2019-11-03 12:36:52.863232,"McRaeMan#1505,HighSociety#11104,creativename#11927,ƁŖǾĈĈǾĿǏ#1950,Bearon#11805,KestrelStar#1485,Renna#11461,Marrihanna#1712,TheRealFlash#11181,presto41#1657"
409, [TAMUCC] Escape - TAMUCC,https://compete.tespa.org/tournament/145/team/137217,981,2019-11-03 12:36:52.862384,"Thep#11549,DerkyJerky32#1658,Kyandisu#11816,PrestonNoble#1640,Blu#12904,Holyfrikncow#1395,KoyFish57#1560,JediCreed119#1825"
410, [HCC] HCC Orange,https://compete.tespa.org/tournament/145/team/136363,970,2019-11-03 12:36:52.862817,"Emkiby#1608,DarkInfernal#11797,silverfox99#11991,Nuez#11950,TheLastThorn#1732,MallBlart#11523,ecoolasice#1378,HeyItsNuked#1360"
411, [HC] Hunter Vanguards ,https://compete.tespa.org/tournament/145/team/138199,966,2019-11-03 12:36:52.863670,"Hoodie#11810,Armacade#1932,LowkeyTrash#11788,Kanackle#1445,Deffconm#1569,Wizfoot#1927,Kururin#11629,Annie#12140,SugrHonyIcTe#1475,KamiSama#11130,Legends17932#11513,WhosDerpy#1345"
408, [BGSU] BGSU BG Team,https://compete.tespa.org/tournament/145/team/138914,985,2019-11-03 12:36:52.861966,"SlowSloth#11108,AnotherZac#1180,LimePrime#11661,Bahr#1954,guar#11671,SBAL98#1782,MadDog#12211"
406, [WPI] WPI Overwatch Red,https://compete.tespa.org/tournament/145/team/138157,986,2019-11-03 12:36:52.861535,"KylaKat#1544,Acra#11407,LockeWolfe#11740,Tinzy#11655,Birb#11880,GriffonSrk14#1151,MEEP#12669"
406, [LR] UnBEARable,https://compete.tespa.org/tournament/145/team/137644,986,2019-11-03 12:36:52.861116,"Camie#1380,Badger#12972,TJRaw#1720,Amplify#12109,Ninja#16946,Cerberus#13682,AllSnow#11560,BiteForce#11710,DarkBonesXD#1680,RedNovember#11613"
405, [CSM] CSM Squids,https://compete.tespa.org/tournament/145/team/137459,989,2019-11-03 12:36:52.860680,"PearUhDox#1505,VMnaca#11517,GbageCol#1877,Boomz#11489,Snail0fD3ath#1814,Bradado#1209,PHYZ#11528,Ben#17791"
402, [KSU] KSU White,https://compete.tespa.org/tournament/145/team/137399,996,2019-11-03 12:36:52.859410,"Hitmarker#11567,KiraBagira#1747,adamdemar#1839,KiloLA#11941,TheBigWham#1413,Harryzoidson#1491,EpicOwl10#1307"
404, [CC] Carroll Saints,https://compete.tespa.org/tournament/145/team/136668,992,2019-11-03 12:36:52.860253,"ShadoTempest#1858,SUPERHIGHRN#1942,TheStrong44#1201,Bigfoot#11882,ODmiester#1999,dox#11909,IceMythWiz#1458,Tuna233#11542,Titanium#12552,Nix#12488,Darrow#11854"
399, [WFU] Demon Deacons,https://compete.tespa.org/tournament/145/team/137200,1000,2019-11-03 12:36:52.858581,"Deposer#1615,Drasalia#1410,JM617#1762,Frenenemy#1392,knicnac#1904,MelodicaDude#1917"
403, [SC] Stephens Stars,https://compete.tespa.org/tournament/145/team/136462,995,2019-11-03 12:36:52.859824,"Tinktank#11289,Flamestar#1606,Ormr#11568,KStargaryen#1936,SilverDipper#1910,Destynation#1239,C16H25NO2#1567,unseelie#11155,TwistedKo#1447,Laplios#1501"
396, [GMU] Forgotten Blossom,https://compete.tespa.org/tournament/145/team/138500,1002,2019-11-03 12:36:52.857258,"GrandNova#11276,Pineapplez#1459,puppzogg#1963"
401, [SU] SU Esports,https://compete.tespa.org/tournament/145/team/137479,999,2019-11-03 12:36:52.858995,"AstroZerg#1939,Edgup#1640,NotEvenLion#1704,Hagic#1209,GucciGrant#11184,Dent#11750,SoggyJeanz#1408,RoadHog#11119,Drayx#11915,Shunned#11577"
398, [HOOD] Hood College Grey,https://compete.tespa.org/tournament/145/team/137400,1001,2019-11-03 12:36:52.857711,"FR33Z3FRAM3#1875,ParadoX887#1991,Jesterality#1159,gusumx#1388,NoPunnyNames#1898,IamBridge#1691,Tan#11488,CreedLight01#1639,MysticShadow#11986,ThePlague#11514,blazer1893#1566"
399, [UVA] Cavaliers,https://compete.tespa.org/tournament/145/team/136680,1000,2019-11-03 12:36:52.858150,"RoboticPanda#1369,TesshinGriz#1421,DinosAreCool#1141,MegaHero#1722,Peturp#1489,KoalaTea#11145,Fresh#11366,Ara#11348,Heezus#11824"
395, [NEC] Grims JV,https://compete.tespa.org/tournament/145/team/137402,1008,2019-11-03 12:36:52.856424,"CJF#11926,NECesports#1925,Coin#11675,MightyBeast#168588,FinesseKid#11398,shydog002#1647,sargent#11620"
396, [TCNJ] PaniQ,https://compete.tespa.org/tournament/145/team/138130,1002,2019-11-03 12:36:52.856842,"HighNoon#11665,Firebomber5#1225,COBALTEZ#1389,Evan#13959,GreenStreak#11666,GreenLight#11109,shonnin#1137,EkhoEcho#1975,Wluu#11283"
393, [UT] LG White,https://compete.tespa.org/tournament/145/team/138190,1014,2019-11-03 12:36:52.855573,"AMB3R#11989,mtnp#1628,vector#11709,Irikyo#1450,Glant#1960,Jiggles#11242,HollowSlayer#1740,RenKai#11396"
394, [CC] Cornell White,https://compete.tespa.org/tournament/145/team/138691,1013,2019-11-03 12:36:52.855992,"ShamrockToo#1947,ASHS#1640,the8bit#11235,Honigmaster#1352,TorbstionE54#1917,slashermania#1385,ParagonDShwn#1659,Skookie#1455,StudleyreadR#1729,Smexology#1250"
392, [NYIT] NYIT CYBEARS BLUE,https://compete.tespa.org/tournament/145/team/137153,1027,2019-11-03 12:36:52.855143,"GuataRican#1680,destro#12496,AKI#12261,Iyona#11394,NeoTech52#1820,Gravitee#11744,Xelot#11651,xicerair#1979,JustSatori#1821"
388, [NCMC] NCMC Pirates ,https://compete.tespa.org/tournament/145/team/138193,1031,2019-11-03 12:36:52.853803,"LoecNCMC#1497,GunnerNCMC#1871,NCMCPirate8#1641,BoneNCMC#1938,Soretoe4NCMC#1965,KuriNCMC#1285,SlimmJimm#11837,Phantom8553#1982,MeltedIcarus#11724"
390, [BSU] Big-B,https://compete.tespa.org/tournament/145/team/137166,1029,2019-11-03 12:36:52.854276,"AgCN#11665,WHO#11524,Innoruuk#11235,VallAmastaci#1633,GeraldPBear#1560,Cadynn#1329,Generic#11973,Urarocker#1827,MrLeeee#1405"
388, [UAH] Charger White,https://compete.tespa.org/tournament/145/team/137067,1031,2019-11-03 12:36:52.853162,"crimsioninja#1983,TheLaw#12765,Ace#18916,minred#1935,squeegily#1435,RedMage#11606,PopeDog#11135"
385, [WSU] Claw Gaming,https://compete.tespa.org/tournament/145/team/137413,1035,2019-11-03 12:36:52.852307,"MonocleDino#1994,FreeHK#11678,DeeJay#11361,CrazyCDog#1755,LIONELMESSI#1778,ReneGay#1928,Sang#12628"
390, [CSUF] CSUF Jr. Varsity B,https://compete.tespa.org/tournament/145/team/138714,1029,2019-11-03 12:36:52.854721,"Argon#11878,Bossprey#11666,Automaton#11662,tuna#12737,Chayste#11466,Cinnabun#11999,abstract#21836,Denial#11540,Magnus#11210"
385, [UNH] UNewHaven Blue,https://compete.tespa.org/tournament/145/team/138226,1035,2019-11-03 12:36:52.852735,"Vodrick#11214,Deku#13178,Elephantman1#1117,Funnybunnz#1984,GhenghisKhan#11132,Pr0wler#11236,Wopp#11756,KatsuoYuko#1976,TheJonSmith#1145"
385, [MC] Ronin Esports,https://compete.tespa.org/tournament/145/team/136516,1035,2019-11-03 12:36:52.851890,"ShadowGizmo#11760,Hybriid#11252,Deadman312#1727,MagicTurtle#1148177,Bubblez420#1117,Orangesponge#11691,Wingfoot#11983,YungKeanu#1321,solar#12982"
384, [AU] AU Pridemaris,https://compete.tespa.org/tournament/145/team/137589,1038,2019-11-03 12:36:52.851455,"CrazySoda#1113,McCreeMartin#1737,JJuggz#1846,Spruill7716#1223,SunEater#11148,Doven#11631,TeaComfy#1565"
383, [AU] AU Knights,https://compete.tespa.org/tournament/145/team/137529,1039,2019-11-03 12:36:52.851023,"CuckRat#1674,Nyte#11771,Sarbear#11996,Arkulite#1680,Kojo#1140,ƔĬĔŦŊǺM#1302,KRUSHER99#1441,BellyLVC#1226"
381, [WCU] Golden Rams,https://compete.tespa.org/tournament/145/team/138741,1040,2019-11-03 12:36:52.850578,"Axom#11227,TEMPO#11223,dubiousClubs#1209,Paigemo#1816,BGoldfish#1207,ZodiHD#1471,NightTrex#1561,Ginkus#11162,Xonor13#1180"
381, [RMU] Colonial Esports,https://compete.tespa.org/tournament/145/team/138209,1040,2019-11-03 12:36:52.850150,"Zelgarath#1724,Nutmeg#11750,Cl0ne#11364,Randini#11144,Lanks#11945,SixClip#1911,caustic#11984,Notenough97#11808,Chops#11110,Wulf#11501"
379, [PU] BoilermakerStarship,https://compete.tespa.org/tournament/145/team/138259,1045,2019-11-03 12:36:52.849306,"Frameshift#1849,TheWanheda#1182,ZitiPasta#1750,MBeeblebrox#1814,Serpotic#1612,Monolulu#1337,Helius#11102,Yourself#11311,raftofkevlar#1196,PoodleHat#11309,Mannheim#11307"
380, [LTU] Bulldogs Red,https://compete.tespa.org/tournament/145/team/138262,1044,2019-11-03 12:36:52.849733,"iCubez#1564,CudéBooté#1941,WholyMilk#11440,SarahBlue#11472,Kimmienin#1646,ParallelMela#1949,TTKillers#1285,Kaiser#12372,Blinkface#1550,YoshiEmblem#1981"
377, [ODU] Monarch Silver,https://compete.tespa.org/tournament/145/team/138104,1049,2019-11-03 12:36:52.848446,"TriNex#11375,MeccaMatt#1483,OptimalHite#1201,Ed0926#1881,Delta#12742,BlueBla#1256,Crmsn1Hrnt#1349,iKINGCAKE#1297,Shibe#11926,psihypnosis#1704,Tak#12704"
378, [UT] LG Orange,https://compete.tespa.org/tournament/145/team/138541,1048,2019-11-03 12:36:52.848859,"EvilGod#11942,YoungGun#11735,Nekomancer#11862,Poshnerd#1778,lasaga#11292,ThisAsian#11265,Yelojumpsuit#1671,Courier#11595,Aurora#12111"
374, [USUE] Eastern Esports,https://compete.tespa.org/tournament/145/team/137478,1050,2019-11-03 12:36:52.847959,"Metaphysics#11642,Tyrel#1750,Kuyeh#1907,KashKey#1173,Bustergoo123#1993,SerSearo#1629,Era#1113,animewaffles#1233"
374, [LU] Lourdes Esports,https://compete.tespa.org/tournament/145/team/137098,1050,2019-11-03 12:36:52.847543,"SoloBolt#11285,Grimelton#1338,RamachangX17#1931,Vellyraptor#1556,MajinK#11351,Jubei#11786,Peaches#12709,Wav3z#1301,jmendoza99#1817"
371, [OU] Bobcat Esports Green,https://compete.tespa.org/tournament/145/team/138275,1053,2019-11-03 12:36:52.845849,"HighMor#1463,IcedoutBart#1906,Starlit#11934,Raenstorm#11258,ThundrChickn#1358,Qin029CN#1997,Kirooz#1911"
374, [DC] Daemen College,https://compete.tespa.org/tournament/145/team/137051,1050,2019-11-03 12:36:52.847114,"Clorox#11275,AisakaTaiga#11951,Stany1#1801,Korieys#1997,ArkhamSniper#1109,SergeantLexy#1230,Virrx#1764,Sweptquill#1609"
373, [RU] Regent ELITE,https://compete.tespa.org/tournament/145/team/136688,1052,2019-11-03 12:36:52.846676,"igknighte#1571,Isandros#1358,KolbiasCool#1643,Chingywings#1109,S1erra107#1591,ohmylei#1590,jackson#13822,wattn8#1329,tovi#11195,becrockroll#1778"
371, [HPU] Sharks,https://compete.tespa.org/tournament/145/team/138712,1053,2019-11-03 12:36:52.846265,"Ridiculous#11406,Avixia#1881,Hynboi13#1228,randomgn0m3#1497,kitora#11335,Flipdomo#1847,Danny#1502,Bassgirl#1190,WhySoSalty#11491,lilm0nkey#1780,ChaBoiLuci#1640"
369, [CGCC] CGC Coyotes,https://compete.tespa.org/tournament/145/team/136616,1057,2019-11-03 12:36:52.845416,"casmid#1446,Silverlab#11873,Death#110275,QueazyG#1105,HyKT#1175,Sano#11738,SupaBeans#1573,Walrider#11251,HAMR#11989"
368, [BU] Baylor Bears B,https://compete.tespa.org/tournament/145/team/137474,1058,2019-11-03 12:36:52.844515,"IncredblHunk#1146,Duke#1201,maxis99swat#1938,SanPolaris#1565,Rub#11226,LittleG#11916,Max#17635"
367, [UA] Imperfect Clones ,https://compete.tespa.org/tournament/145/team/136493,1060,2019-11-03 12:36:52.844083,"Harmony#12164,Hickupville#11119,Cleric#11829,Vladimir#12118,Thezmaster#1884,Ginger#11939,Potatosoup#1933"
369, [BU] Binghamton JV,https://compete.tespa.org/tournament/145/team/137620,1057,2019-11-03 12:36:52.844977,"ŦHØM#1138,Thunder#14273,TheDemoDeux#1229,SandwichSage#1592,Rinand#1976,AMadman#11541,Yoshikiki#1215,domdudes#1448,Road#12173,Paper#11485"
361, [UW] Wildfire,https://compete.tespa.org/tournament/145/team/138514,1063,2019-11-03 12:36:52.843246,"LowercaseJ#1668,DesiciveMoth#1487,jpfeifer22#1702,DeadEye#1367,Ehsanasini#1192,FIuid#11200,natan210#1734,Stairs#1437,KAZAHANA#4620"
366, [SBU] SBU Bearcats,https://compete.tespa.org/tournament/145/team/138538,1062,2019-11-03 12:36:52.843668,"Markov#11422,Party#1141,xkelley0529#1167,Whitesuns#11681,mumpster13#1986,TheRanger#11882,Jahex#11977"
361, [UCSD] SD Hunters,https://compete.tespa.org/tournament/145/team/137498,1063,2019-11-03 12:36:52.842378,"miniDOPA#1812,Ericyk#1268,miniL8young#1554,Jameszmq#1955,MysticShiki#11822,TanukiJo#1640,AOKI#11697"
361, [UNT] UNT Eagles Green,https://compete.tespa.org/tournament/145/team/138110,1063,2019-11-03 12:36:52.842815,"Allos#11431,Jinzo#12370,lordpichu#11699,SugoiBokchoy#1114,Peachii#11123,Ganz0#1874,Phersephatta#1262,Izilith#1747,Zeck#11448,Joek227#1759"
361, [ENMU] Eastern Greyhounds,https://compete.tespa.org/tournament/145/team/137214,1063,2019-11-03 12:36:52.841963,"Drift#12637,Lucksmith#11627,titowwarrior#1232,Bluiie#1599,SneezyDwarf#1124196,ThGingerSnap#1799,Heart#12528,LiquidGarnet#1882,bAnanaS#11183,DCtonic#1323,Joraf#11401,Icedragon29#1404"
361, [AC] AC ‘Roos,https://compete.tespa.org/tournament/145/team/137059,1063,2019-11-03 12:36:52.841547,"ShinyUmbreon#11379,Subspace#11655,THICC#11136,Mars#23459,ashes#12770,HotdogMcGoo#1183,Platty#11286,Mexicanator#11940,Kireth#11354,Sharkeisha08#1351,SneakymouS78#1772,CountChocula#11505"
359, [KSU] KSU Purple,https://compete.tespa.org/tournament/145/team/137285,1065,2019-11-03 12:36:52.840693,"Jbomb57#1429,BeerGut#11329,Zumalt#1612,twox2man#1470,KingRZ#1854,M4ck4mbush45#1480,COLDPEPPRONI#1296,undo15#1393"
360, [WPI] WPI Overwatch Grey,https://compete.tespa.org/tournament/145/team/138148,1064,2019-11-03 12:36:52.841129,"PULGASARI#11407,Mistake#11790,SlimySerpent#11239,Rythis#11699,JohnnyProton#11733,kijamu#11879,Enforcer#12698,Ticklethighs#1252"
355, [ISU] RES White,https://compete.tespa.org/tournament/145/team/138118,1072,2019-11-03 12:36:52.838989,"PtsdStanky#1180,Jonesie#1293,Evo#12279,ShiftyTwo#1974,LOLZ755#1984,KaaLZooR#1717,Muffin#11561,Mango#12341"
355, [CSU] Cougars,https://compete.tespa.org/tournament/145/team/138184,1072,2019-11-03 12:36:52.839411,"Drew#13864,CrazyWolfman#1171,Maze#11991,Shade#13212,idwpercy#1994,Tenkai#1177,G1it3h#1495,DavidSmith#11664,MrReBot#1398,Patrick#15185"
353, [FSU] Ferris Gold,https://compete.tespa.org/tournament/145/team/137534,1075,2019-11-03 12:36:52.838136,"TongueFu#11662,XaraBleu#1411,Imaginary#11379,NM3#1742,BlazeUnicycl#1146,Havoc#13208"
357, [UCC] Union Owls JV,https://compete.tespa.org/tournament/145/team/137330,1071,2019-11-03 12:36:52.839835,"ǞislingGrá#1829,Calixx#1355,junito2k#1279,Lizard#12413,EatyoLegumes#1331,StripedBlyat#1578,WaterRaccoon#11783,KiraShakira#1821,ImMightyFine#1329,EpicMan#1454"
358, [UBCO] UBCO Esports,https://compete.tespa.org/tournament/145/team/138531,1070,2019-11-03 12:36:52.840262,"LambSauce#11731,NeoPaulitan#1481,Skyrossm#1736,RoboEagle#11196,CostRodrock#11906,Silver#13153,wasmiester#1523,Zecr#1218,LazyTitan#118101,ganthia108#1450,tUrbo#11852,ithurtsman#1552"
354, [GMU] GMU Patriots C,https://compete.tespa.org/tournament/145/team/138240,1074,2019-11-03 12:36:52.838564,"Spooko#11104,ZapPat#1207,MooneRyder#1135,espurr#11682,Austine#11927,KobraKid#11196,Gl1tch3d0ut#1968,Ale#12186,Eunix#11787"
351, [BCM] Berklee Overdrive,https://compete.tespa.org/tournament/145/team/136450,1076,2019-11-03 12:36:52.837309,"oidoldol#1538,Weeaboo2018#4989,Serafin#31543,HunnieBun#11351,VexVirtuoso#1105,Makimo#4166,Sonymm#1136,Loveless#11389,Reedsmith#1926,SIVORC#1549,Kraetor#1577,Kaysen#11904"
349, [EC] Streaming Eagles,https://compete.tespa.org/tournament/145/team/138101,1077,2019-11-03 12:36:52.836880,"Jabbermaner#1276,EdgeAlpha#1232,ebloomy#1324,KARLtheValk#2249,TheLoneAnt#1117,OffclKrispy#1803,KOD3K#1721,MiHoyMinoy#1940"
348, [IIT] Sword,https://compete.tespa.org/tournament/145/team/138509,1079,2019-11-03 12:36:52.836037,"Allylove133#1394,WolfHatGamer#1204,BadMemes#1264,rilz#11376,Yoshi#13532,WJCB#1207"
351, [GT] GT C Team,https://compete.tespa.org/tournament/145/team/137547,1076,2019-11-03 12:36:52.837724,"Pentatonic#11943,Jibril#11453,monger#11845,RoKu#11220,iPhish#11832,FatalBlaze#11216"
344, [LMU] Crimson Mane OW JV,https://compete.tespa.org/tournament/145/team/138227,1082,2019-11-03 12:36:52.835217,"Zeikoth#1487,Cary#11650,Fate#1310,Davediddily#1266,TheSlumpGod#1988,catslayer#12446,ExoDeus#11483,Lanius#1441,natedog2dot#1364,JATawesome#1299"
349, [BYU] Saturday's Warriors,https://compete.tespa.org/tournament/145/team/136957,1077,2019-11-03 12:36:52.836448,"ScrubbyDucky#11754,Wolf#19802,MasterMahan#11468,LemonSquash#11957,KneeAwn#1271,Aelern#1593,klinc9#1583,Kirbyking#1937"
344, [App] App State Black,https://compete.tespa.org/tournament/145/team/136407,1082,2019-11-03 12:36:52.834367,"Tavan#11838,Carroty#11737,Seán#11448,Beliztik#1580,Chef#11432,Dave#15652,Cavalier#11844,SaltySpitoon#11836"
344, [SIT] Babbio Brawlers,https://compete.tespa.org/tournament/145/team/138160,1082,2019-11-03 12:36:52.834799,"pufflegod#1151,DoubleA#1795,Triceratops#11545,Rabious#11448,Evadion#1918,Cordi#11170,PlantFanatic#1352"
343, [SHU] SHU Saints,https://compete.tespa.org/tournament/145/team/137070,1083,2019-11-03 12:36:52.833924,"SHUxWeylin97#1893,Hwat#11121,SHUPeach#1740,shruja#1162,Thirty2#11929,LexusX#11114,EpicDEAD#1873,Samuel#11782,Sk1091#1372,RageQuitArmy#1864"
344, [SBU] SB Esports B Team,https://compete.tespa.org/tournament/145/team/138900,1082,2019-11-03 12:36:52.835626,"Wongsky#1129,Crazyrust#1246,Air#11980,kubbi#11186,Kevin#110584,mistiquest#1103,KernelPanic#1997"
341, [WITCC] HelloWorld.exe,https://compete.tespa.org/tournament/145/team/136850,1084,2019-11-03 12:36:52.833078,"Kryptonian#11805,TheSheathe#1710,dekuseeds123#1100,lonewolf117#1275,Gr33nMyst#1961,Stokenheimer#1753,Elynt#1336,OppaiTag#1462,DoctorDeath#11635"
339, [LU] LU Red,https://compete.tespa.org/tournament/145/team/138171,1086,2019-11-03 12:36:52.832635,"Blink2O2#1264,Fractal#11984,ebestrob#1193,Ballistica#11558,Pig4Prez#1882,MILK#13197,sonofpaint#1825,Breach#11360,Grinch#11672,Judes#1745,DJGaming1234#1298"
341, [UMN] Spaghetti Sailors,https://compete.tespa.org/tournament/145/team/138142,1084,2019-11-03 12:36:52.833510,"hyperbola0#1499,Maple#12434,Dapple#11775,Nommables#1860,Kasai#11878,ChubbyNinja#1294,Edebus#1667"
337, [RMC] R-MC Black,https://compete.tespa.org/tournament/145/team/137272,1087,2019-11-03 12:36:52.831783,"AngryScreech#1855,cybereskimo#1139,jellodash#1143,iiPhantomii#11281,Creonto#1151,CarpeDiem#12386"
335, [BC] Becker Talons,https://compete.tespa.org/tournament/145/team/138518,1088,2019-11-03 12:36:52.830929,"Arikanzi#1486,Siberdoodle#1243,Nope#11379,Nape#11436,AlphaWolf464#1255,UncivilWord#1257,Kamba#11902,LucaLight#1380"
337, [IIT] Scarlet Hawks B Team,https://compete.tespa.org/tournament/145/team/137042,1087,2019-11-03 12:36:52.831367,"Gilimed#1970,cder3#1711,Haven#12704,McFly#11138,LYNDONisHERE#1769,NA1SU#1157,Staple#11890,ModernLegacy#1769,CreativeMBW#1902,Soldier1600#1546,tekkitkiller#1954,SpiceMeUp#1878"
339, [CSULA] CSULA-Golden Eagles,https://compete.tespa.org/tournament/145/team/136421,1086,2019-11-03 12:36:52.832210,"Gamermel7#1385,mooseAvenged#1579,Fenrir#12936,Argonianmaid#1350,Grand#1586,BearsBeetsBG#11596,CamArin#11714,Mothman#11227,Zero#116855,bootypoppin#11542"
335, [BUS] White Team,https://compete.tespa.org/tournament/145/team/138248,1088,2019-11-03 12:36:52.830504,"PRBLM#11527,Nahush#1641,ZerynAstra#1403,Depression#11364,stanloona#1742,PineapplSoda#1365"
333, [BUS] Blue Team,https://compete.tespa.org/tournament/145/team/138238,1090,2019-11-03 12:36:52.830081,"engo#11444,GuessOW#1725,Nitrospeedy#1208,Melvon#1366,flobbert#1907,XanthBink#1778,SilentStorm#179569"
333, [ARK] UARK ,https://compete.tespa.org/tournament/145/team/136532,1090,2019-11-03 12:36:52.829657,"Dakarta#1563,Cheoji#1170,Air#11337,Tammo#11479,Ewigkeit#11570,YouCanYouUp#11938,GeekaBoo#11751,Darkness#16286,Bemkaree#1154"
330, [LU] LUCOW,https://compete.tespa.org/tournament/145/team/137457,1093,2019-11-03 12:36:52.828827,"YourMama#1151,Nightrader#1615,Streme#11709,tevura#11573,Koala#11166,TheMinister#1228,SexyShrek69#1241,Epsilon#11699"
332, [WUSTL] OverWash,https://compete.tespa.org/tournament/145/team/136914,1091,2019-11-03 12:36:52.829246,"KAAAAAAAAAAP#1855,HuntingSzn#1545,Prometheii#11129,aggarnir#1330,Arc#12103,Feet#11592,ŦȄĶǠŞĦĮ69#1820,nloloew#1509,alaindodger#1351,WillieSu#1725,p7neapples#1458"
328, [UMA] UMass Legion,https://compete.tespa.org/tournament/145/team/138699,1095,2019-11-03 12:36:52.827528,"FOXHOUND#11613,S552#1886,buNz#11732,frud#1316,Achillesfoot#1928,MrMeeseeks#12751,Desert#11738,Thunda#11711,Illogical#1404"
330, [CSU] CSU Gold,https://compete.tespa.org/tournament/145/team/138150,1093,2019-11-03 12:36:52.828380,"Schnapple#11645,Xiao#12252,HorseSpirit#1779,Rocky#13272,Tranusk#1195,Jules#11463,Every1BNice#1854"
329, [ECU] East Carolina A Team,https://compete.tespa.org/tournament/145/team/136334,1094,2019-11-03 12:36:52.827948,"DeadmanDuhhh#1604,RedAngel#1836,Rizy#11991,brax#11168,IBLOK#1852,StromBoley#1265,PKFinal#1636,SpecterJyn#1958,Ace#18922"
327, [Elon] Elon Phoenix,https://compete.tespa.org/tournament/145/team/136667,1097,2019-11-03 12:36:52.827061,"Optmsovr9000#1982,Abhatu#1784,BiscuitFarmr#1759,Elredboat#1503,McCritical#11820,HenCluccer#1533,Vash#12107,Soda#11808,HoChiSock#11116,Colonel#11635,Spitz#11659,Syllver#11241"
322, [CGM] Lynx E-sports ,https://compete.tespa.org/tournament/145/team/138246,1100,2019-11-03 12:36:52.826222,"AeriMoon#1365,Tortue#1467,Caoly#1824,McQueen#11101,RedStones31#1166,ShayzZer#1139,Green#1182,ShutDown#11243,CaptainBeard#11887,Enox55#1366"
322, [UH] UH Spartans,https://compete.tespa.org/tournament/145/team/138137,1100,2019-11-03 12:36:52.825803,"driedfruit#11597,StealthNinja#11976,SeaJayyy#1413,chrisnwho#1162,INJUSTICE#11142,Cheboinkerz#1133,Diolass#1824,naruto#13744"
326, [UT] Toledo Rockets,https://compete.tespa.org/tournament/145/team/137417,1099,2019-11-03 12:36:52.826649,"Way2#11437,well#11306,moistfish#11523,ØñëTrìÇk#1865,SwooseMoose#1600,hoser#11321,Mango#12138,Latere#1292,Excilent#11883"
322, [SDSU] Soybeans,https://compete.tespa.org/tournament/145/team/138106,1100,2019-11-03 12:36:52.825359,"Corrosive#1788,Crylo#11859,Wylie#11562,Skyheart#1555,Bronco#1730,Shappy#11739,KingPiplup#1534,Suoysauce#1142,jojoyo#1119,Joker99eth#1695"
322, [UM] Club Esports Black,https://compete.tespa.org/tournament/145/team/137491,1100,2019-11-03 12:36:52.824944,"Comjn#1708,SpaceDandy#11206,lag#1113,Harry#1647,DMatzy#1968,RedTornado#11278,blwinfrey#1412,Elixir#11685,Nuaden#11742,Kurvatis#1382,DasLandshark#1217,DunkinDont#1253"
319, [TWU] TXWES Esports,https://compete.tespa.org/tournament/145/team/138713,1101,2019-11-03 12:36:52.824513,"IngenuusZero#1545,WarbuffII#1927,Kekerot#11396,TheRocketMan#11343,littletwain#1338,HanmingZ#1461,naruto#14809,DarkSage#11637,jaycob#11356"
319, [FIT] Panthers,https://compete.tespa.org/tournament/145/team/136557,1101,2019-11-03 12:36:52.823661,"JayltheGreat#1820,Ian#14191,Sol#12759,GUWOP#11400,DeathWolf#11541,Philosophi#11728,Arbys#11434,Dangeresque#1906,Stuffzz#11119"
319, [UMN] UMN Cannoli Corsairs,https://compete.tespa.org/tournament/145/team/138143,1101,2019-11-03 12:36:52.824082,"SoulReaper#1260,KoalaKing#1836,Tridiculas#1165,Centurion#11247,ashiftyfish#1169,PandaBroFTW#1953,Historious#1714"
317, [NIU] NIU Frosties,https://compete.tespa.org/tournament/145/team/138695,1102,2019-11-03 12:36:52.823234,"ifurgat#1365,kivisto#1285,Yogurt#11894,Frosty#14523,Foxish#11442,SeanBoyQ#1953,Moses#12327,Tokotoro#1818,Drintis#11818"
317, [UNT] UNT Eagles White,https://compete.tespa.org/tournament/145/team/138205,1102,2019-11-03 12:36:52.822820,"Gatsbyy#1435,Miles#12511,coven#11989,PaneraPanini#1327,Dorb#11297,Baegll#1838,DABLUEGOD#1480,Almendra#11891,DRACARYS#11240,K3D#11159"
313, [CCC] CCC Renegades (Red),https://compete.tespa.org/tournament/145/team/138271,1104,2019-11-03 12:36:52.821967,"SSJHiro#1337,Horatius#11271,MattAttack#11430,mayorofslay#1457,Matasferret#1881,StrongManCon#1120,Digitalalien#1338,ShadowDust#11483,Shadow263#11618,Sweenard#11216,RachelScribs#1840"
316, [ArtU] Art U Ruby,https://compete.tespa.org/tournament/145/team/138161,1103,2019-11-03 12:36:52.822390,"MrFancyPants#1989,S1shrYan#4615,redsworld#1140,Forest#12263,BlackKivo#2796,DreamWalker#11869,PrinceGabe#1813,Mistynight#4350,WolfieGames#1367,BadConnect#11587,AnimeLuu#1909"
